对抗线,模块,关键指标,实测结果,说明
特征底座,M2,特征库规模,3 类信号 × 16 维,三类链路多域特征可完全分离
特征底座,M2,跳频图案提取精度,12.7 kHz,信道间隔 159 kHz，误差 < 1/12
特征底座,M2,OFDM 调制域 EVM,0.00% (干净) / 16.05% (15dB),观测底噪声下的调制质量特征
电子侦察,M3,弱信号检测灵敏度增益,CFD 优于 ED 5.0 dB,ED 存在 SNR 墙 -5.9 dB（理论吻合）
电子侦察,M3,链路识别准确率 @-12dB,手工特征+RF 92.9% / CNN 60.0%,手工特征 vs 深度学习两条路线对比
电子侦察,M3,单/多 SNR 训练对比 @-18dB,多SNR 55.1% vs 单SNR 33.3%,训练协议设计决定低 SNR 可用性
电子干扰,M4,精准干扰增益,19.7 dB,跟随式 -16.7 dB vs 宽带 3.0 dB 达 BER=1e-2
电子干扰,M4,跳频处理增益（理论）,20.0 dB,干扰增益 ≈ 处理增益，物理自洽
电子反干扰,M5,自适应跳频链路可用度,99.9% vs 基线 68.3%,RL（Q-learning）避让被干扰信道
电子反干扰,M5,欺骗检测灵敏度,惯导 −6 dB / 相关峰 0 dB / 功率 +3 dB,惯导一致性独立参考最优
电子反干扰,M5,抗欺骗定位误差,无防护 30 m → 惯导辅助 2.3 m,误差全程受控，回扣 #11 SemperFi
